Workbook

Sheet Checklist
A2: Nº | B2: Descrição | C2: Resultado | D2: Data e hora da Identificação da NC | E2: Responsável pela resolução | F2: Classificação da NCF | G2: Ação corretiva indicada | H2: Data prevista de resolução | I2: Data e hora do escalonamento | J2: Data e hora da conclusão da NC | K2: Status da NC | M2: Indicador | N2: Quantidade | O2: Taxa | Q2: Faixa de aderência | R2: Classificação | S2: Interpretação
A3: 1 | B3: O documento apresenta o título e a estrutura geral conforme o template estabelecido? | C3: Conforme | M3: Nº de pontos de avaliação | N3: 20 | Q3: 0% - 60% | R3: Baixa aderência | S3: Necessita correções relevantes
A4: 2 | B4: A seção 1.1 apresenta nome, finalidade, endereço web, público-alvo e justificativa da escolha do sistema? | C4: Conforme | M4: Conformes | N4: =COUNTIF($C$3:$C$22,"Conforme") -> 18 | O4: =IF(N7=0,0,N4/N7) -> 0.94736842 | Q4: 61% - 90% | R4: Aderência parcial | S4: Atende parcialmente ao template
A5: 3 | B5: A seção 1.2 descreve claramente os objetivos do teste e os aspectos de qualidade que serão avaliados? | C5: Conforme | M5: Não conformes | N5: =COUNTIF($C$3:$C$22,"Não Conforme") -> 1 | O5: =IF(N7=0,0,N5/N7) -> 0.052631579 | Q5: 91% - 99% | R5: Alta aderência | S5: Poucos ajustes necessários
A6: 4 | B6: O planejamento do teste apresenta as tarefas definidas para os participantes? | C6: N/A | M6: Não aplicáveis | N6: =COUNTIF($C$3:$C$22,"N/A") -> 1 | O6: =IF(N3=0,0,N6/N3) -> 0.05 | Q6: 100% | R6: Conformidade total | S6: Documento totalmente aderente
A7: 5 | B7: As tarefas identificam a heurística de Nielsen, a interface, o cenário de ação e o testador? | C7: Conforme | M7: Pontos aplicáveis | N7: =N3-N6 -> 19 | O7: =IF(N3=0,0,N7/N3) -> 0.95
A8: 6 | B8: A técnica de caixa preta é explicada e relacionada adequadamente ao teste de usabilidade? | C8: Conforme | M8: Taxa de aderência | N8: =N4 -> 18 | O8: =IF(N7=0,0,N4/N7) -> 0.94736842 | Q8: Resultado da Avaliação
A9: 7 | B9: As ferramentas e os recursos utilizados durante os testes estão identificados? | C9: Conforme | Q9: Taxa de aderência calculada | R9: =O8 -> 0.94736842
A10: 8 | B10: A execução do teste descreve de forma clara como os testes foram realizados? | C10: Conforme | Q10: Classificação automática | R10: =IF(R9=1,"Conformidade total",IF(R9>=0.91,"Alta aderência",IF(R9>=0.61,"Aderência parcial","Baixa aderência"))) -> Alta aderência
A11: 9 | B11: Os resultados das tarefas executadas pelos participantes estão registrados no documento? | C11: Conforme
A12: 10 | B12: As evidências dos testes, como imagens ou links acessíveis, estão indicadas adequadamente? | C12: Não Conforme | D12: 46121.396 | E12: Giovana Fernandes, Lucas Gabriel Alfaro, Gustavo Souza e Afonso Braga | F12: Alta | G12: Disponibilizar um link acessível, e apresentar imagens que evidenciam o resultado dos testes de forma clara. | H12: 46269 | I12: 46121.44 | K12: Escalonada
A13: 11 | B13: A análise contempla as 10 Heurísticas de Nielsen previstas no template? | C13: Conforme
A14: 12 | B14: A avaliação de cada heurística é baseada nos resultados observados durante os testes? | C14: Conforme
A15: 13 | B15: Os problemas críticos de usabilidade estão claramente identificados? | C15: Conforme
A16: 14 | B16: Os problemas encontrados possuem classificação de impacto em alta, média ou baixa? | C16: Conforme
A17: 15 | B17: A conclusão geral resume adequadamente a qualidade do sistema em termos de usabilidade? | C17: Conforme
A18: 16 | B18: As recomendações de melhoria estão relacionadas aos problemas identificados na avaliação? | C18: Conforme
A19: 17 | B19: O checklist do processo contempla planejamento, preparação, execução, análise e revisão? | C19: Conforme
A20: 18 | B20: O documento identifica quem aplicou e quem revisou o checklist do processo? | C20: Conforme
A21: 19 | B21: As referências utilizadas no planejamento e na análise do teste estão apresentadas corretamente? | C21: Conforme
A22: 20 | B22: O documento apresenta coerência entre planejamento, execução, análise, conclusão e recomendações, sem campos do template deixados em aberto? | C22: Conforme

Sheet Aderência
A1: Cálculo das Taxas de Aderência
A3: Indicador | B3: Quantidade | C3: Taxa | E3: Faixa de aderência | F3: Classificação | G3: Interpretação
A4: Nº de pontos de avaliação | B4: 20 | E4: 0% - 60% | F4: Baixa aderência | G4: Necessita correções relevantes
A5: Conformes | B5: =COUNTIF(Checklist!$C$3:$C$22,"Conforme") -> 18 | C5: =IF(B8=0,0,B5/B8) -> 0.94736842 | E5: 61% - 90% | F5: Aderência parcial | G5: Atende parcialmente ao template
A6: Não conformes (NCF) | B6: =COUNTIF(Checklist!$C$3:$C$22,"Não Conforme") -> 1 | C6: =IF(B8=0,0,B6/B8) -> 0.052631579 | E6: 91% - 99% | F6: Alta aderência | G6: Poucos ajustes necessários
A7: Não aplicáveis | B7: =COUNTIF(Checklist!$C$3:$C$22,"N/A") -> 1 | C7: =IF(B4=0,0,B7/B4) -> 0.05 | E7: 100% | F7: Conformidade total | G7: Documento totalmente aderente
A8: Pontos aplicáveis | B8: =B4-B7 -> 19 | C8: =IF(B4=0,0,B8/B4) -> 0.95
A9: Aderência ao documento | B9: =B5 -> 18 | C9: =IF(B8=0,0,B5/B8) -> 0.94736842 | E9: Resultado da Avaliação
A10: Taxa de não conformidade | B10: =B6 -> 1 | C10: =IF(B8=0,0,B6/B8) -> 0.052631579 | E10: Aderência calculada | F10: =C9 -> 0.94736842
E11: Classificação automática | F11: =IF(F10=1,"Conformidade total",IF(F10>=0.91,"Alta aderência",IF(F10>=0.61,"Aderência parcial","Baixa aderência"))) -> Alta aderência
A13: Classificação da NCF | B13: Quantidade
A14: Advertência | Não se aplica | B14: =COUNTIF(Checklist!$F$3:$F$22,A14) -> 0 | E14: Resumo das NCFs | F14: Quantidade | G14: Taxa sobre NCFs
A15: Baixa-Simples | 4 dias | B15: =COUNTIF(Checklist!$F$3:$F$22,A15) -> 0 | E15: Advertências | F15: =B14 -> 0 | G15: =IF($F$20=0,0,F15/$F$20) -> 0
A16: Baixa-Complexa | 5 dias | B16: =COUNTIF(Checklist!$F$3:$F$22,A16) -> 0 | E16: Baixas | F16: =SUM(B15:B18) -> 0 | G16: =IF($F$20=0,0,F16/$F$20) -> 0
A17: Baixa-Severa | 6 dias | B17: =COUNTIF(Checklist!$F$3:$F$22,A17) -> 0 | E17: Médias | F17: =SUM(B19:B22) -> 0 | G17: =IF($F$20=0,0,F17/$F$20) -> 0
A18: Baixa-Extrema | 7 dias | B18: =COUNTIF(Checklist!$F$3:$F$22,A18) -> 0 | E18: Altas | F18: =SUM(B23:B26) -> 0 | G18: =IF($F$20=0,0,F18/$F$20) -> 0
A19: Média-Simples | 3 dias | B19: =COUNTIF(Checklist!$F$3:$F$22,A19) -> 0 | E19: Urgentes | F19: =SUM(B27:B30) -> 0 | G19: =IF($F$20=0,0,F19/$F$20) -> 0
A20: Média-Complexa | 4 dias | B20: =COUNTIF(Checklist!$F$3:$F$22,A20) -> 0 | E20: Total de NCFs classificadas | F20: =SUM(F15:F19) -> 0 | G20: =IF(B6=0,0,F20/B6) -> 0
A21: Média-Severa | 5 dias | B21: =COUNTIF(Checklist!$F$3:$F$22,A21) -> 0
A22: Média-Extrema | 6 dias | B22: =COUNTIF(Checklist!$F$3:$F$22,A22) -> 0
A23: Alta-Simples | 2 dias | B23: =COUNTIF(Checklist!$F$3:$F$22,A23) -> 0 | E23: Descrição da Avaliação
A24: Alta-Complexa | 3 dias | B24: =COUNTIF(Checklist!$F$3:$F$22,A24) -> 0 | E24: Projeto avaliado | F24: RA1 - Relatório de Teste de Usabilidade de Sistema Web
A25: Alta-Severa | 4 dias | B25: =COUNTIF(Checklist!$F$3:$F$22,A25) -> 0 | E25: Descrição | F25: Verificação da conformidade do documento em relação ao template estabelecido.
A26: Alta-Extrema | 5 dias | B26: =COUNTIF(Checklist!$F$3:$F$22,A26) -> 0 | E26: Auditor de QA
A27: Urgente-Simples | 1 dia | B27: =COUNTIF(Checklist!$F$3:$F$22,A27) -> 0 | E27: Data
A28: Urgente-Complexa | 2 dias | B28: =COUNTIF(Checklist!$F$3:$F$22,A28) -> 0 | E28: Tempo total
A29: Urgente-Severa | 3 dias | B29: =COUNTIF(Checklist!$F$3:$F$22,A29) -> 0
A30: Urgente-Extrema | 4 dias | B30: =COUNTIF(Checklist!$F$3:$F$22,A30) -> 0
